,year,page,time
0,2024,1,01:02:56
1,2024,2,01:22:26
2,2024,3,01:26:41
3,2024,4,01:29:23
4,2024,5,01:31:22
5,2024,6,01:33:19
6,2024,7,01:34:50
7,2024,8,01:36:18
8,2024,9,01:37:33
9,2024,10,01:38:38
10,2024,11,01:39:26
11,2024,12,01:40:19
12,2024,13,01:41:15
13,2024,14,01:42:09
14,2024,15,01:42:56
15,2024,16,01:43:45
16,2024,17,01:44:28
17,2024,18,01:45:10
18,2024,19,01:45:52
19,2024,20,01:46:34
20,2024,21,01:47:09
21,2024,22,01:47:51
22,2024,23,01:48:25
23,2024,24,01:49:03
24,2024,25,01:49:37
25,2024,26,01:50:10
26,2024,27,01:50:48
27,2024,28,01:51:26
28,2024,29,01:52:02
29,2024,30,01:52:37
30,2024,31,01:53:10
31,2024,32,01:53:43
32,2024,33,01:54:19
33,2024,34,01:54:49
34,2024,35,01:55:23
35,2024,36,01:55:56
36,2024,37,01:56:31
37,2024,38,01:57:00
38,2024,39,01:57:28
39,2024,40,01:57:57
40,2024,41,01:58:29
41,2024,42,01:58:56
42,2024,43,01:59:25
43,2024,44,01:59:53
44,2024,45,02:00:23
45,2024,46,02:00:54
46,2024,47,02:01:27
47,2024,48,02:01:58
48,2024,49,02:02:28
49,2024,50,02:02:56
50,2024,51,02:03:32
51,2024,52,02:04:08
52,2024,53,02:04:41
53,2024,54,02:05:14
54,2024,55,02:05:50
55,2024,56,02:06:23
56,2024,57,02:06:58
57,2024,58,02:07:33
58,2024,59,02:08:07
59,2024,60,02:08:37
60,2024,61,02:09:12
61,2024,62,02:09:51
62,2024,63,02:10:27
63,2024,64,02:11:06
64,2024,65,02:11:45
65,2024,66,02:12:19
66,2024,67,02:12:56
67,2024,68,02:13:37
68,2024,69,02:14:12
69,2024,70,02:14:54
70,2024,71,02:15:31
71,2024,72,02:16:12
72,2024,73,02:16:57
73,2024,74,02:17:37
74,2024,75,02:18:17
75,2024,76,02:19:03
76,2024,77,02:19:48
77,2024,78,02:20:32
78,2024,79,02:21:20
79,2024,80,02:22:11
80,2024,81,02:23:02
81,2024,82,02:23:56
82,2024,83,02:24:50
83,2024,84,02:25:38
84,2024,85,02:26:35
85,2024,86,02:27:35
86,2024,87,02:28:38
87,2024,88,02:29:44
88,2024,89,02:31:00
89,2024,90,02:32:23
90,2024,91,02:33:53
91,2024,92,02:35:27
92,2024,93,02:36:56
93,2024,94,02:38:31
94,2024,95,02:40:25
95,2024,96,02:42:26
96,2024,97,02:44:20
97,2024,98,02:47:07
98,2024,99,02:50:07
99,2024,100,02:53:17
